tmdb_id,provider_id
354912,337
335983,"356,97"
3933,"8,97,1796"
157336,"83,561,796"
299536,337
7451,97
122,"81,193,561,796"
626332,337
98,"8,356,97,1796"
671,356
872585,"81,796"
238,"81,796"
120,"8,119,356,97,1796"
278,356
9479,337
12153,"8,97,1796"
8681,"81,796"
293660,337
198663,337
24428,337
9806,337
672,356
273477,356
420818,337
862,337
475557,"81,796"
216015,356
411,337
260514,337
76600,337
585083,119
603692,97
673,356
121,"81,193,561,796"
22,337
10138,337
474350,"81,796"
299534,337
10439,337
808,119
4011,97
597,"83,371,796"
177572,337
767,356
119450,337
8587,337
49026,"83,561,796"
150540,337
508947,337
493529,"81,796"
109445,337
10483,356
284053,337
863,337
12155,337
259693,"81,796"
370663,356
263115,337
58,337
12445,356
545609,"81,796"
105,"119,97"
22683,"81,796"
550,"337,356"
337167,"356,97"
566525,337
18785,"81,796"
12444,356
674,356
49051,97
568124,337
228326,337
111,356
131631,"356,97,701"
10625,"8,97,1796"
11970,337
260346,337
38757,337
5255,"81,796"
585,337
675,356
809,119
50620,"81,796"
2758,"81,796"
155,"83,561,796"
72190,"8,97,1796"
493922,"8,97,1796"
1008042,356
4232,"81,796"
447365,337
22894,"81,796"
302699,"8,119,97,1796"
2048,337
346364,"81,796"
976573,337
11036,"83,561,796"
524434,337
2062,337
198184,"8,97,1796"
321612,337
150689,337
11688,337
1865,337
424139,"81,796"
214756,119
241259,337
118,"83,561,796"
985939,"8,356,97,1796"
4258,356
447277,337
109418,97
439079,"81,796"
772,337
497698,337
19995,337
245891,"8,97,1796"
10198,337
138843,"8,97,1796"
345887,97
447332,"81,796"
106,337
1024530,337
9880,337
1930,"8,97,1796"
10195,337
420809,337
228150,"8,356,97,1796"
680,"81,796"
12230,337
9820,337
301528,337
339964,"97,701"
257211,"8,356,97,1796"
10681,337
336843,337
294272,337
209112,"8,97,1796"
297762,"81,796"
429617,"83,561,796"
12,337
76341,356
285,337
296096,97
557,"8,356,97,1796"
615777,"81,796"
505642,337
384018,"81,193,561,796"
335984,"8,356,97,1796"
8966,"8,97,1796"
603,97
1094844,356
293167,"83,561,796"
792307,337
383498,337
10020,337
408,337
521029,"81,796"
13683,337
244786,"8,356,97,1796"
98566,"81,796"
550988,337
283995,337
4922,97
102382,"81,796"
453395,337
884605,"81,796"
646389,97
99861,337
23398,337
353491,97
419430,"8,356,97,1796"
616037,337
4234,"81,796"
348,337
269149,337
637649,"81,796"
27205,"8,356,97,1796"
141052,"81,796"
300669,"8,356,97,1796"
632727,"81,796"
522402,350
399579,337
38365,"8,97,1796"
122906,"8,356,97,1796"
405775,119
13,97
559,"8,356,97,1796"
294254,337
45243,"81,796"
1726,337
424,"356,97"
588228,119
425,337
11,337
8871,119
324786,"356,97"
126889,337
9792,337
1124,97
652,"81,796"
50619,"81,796"
337404,337
14160,337
200727,"8,97,1796"
260513,337
11324,97
854,"81,796"
270946,"119,356"
49013,337
19913,337
10144,337
76492,97
766507,337
131634,"8,356,97,701,1796"
313369,"8,356,97,701,1796"
585511,350
101299,701
10674,337
38,"8,356,97,1796"
76338,337
350,337
271110,337
18239,"81,796"
246655,"337,356,97"
11253,356
2907,"81,796"
76617,701
774825,337
377,97
24021,"81,796"
102651,337
284052,337
254128,97
454626,8
10895,337
339846,"81,796"
11130,337
9502,97
10193,337
338967,"8,356,97,1796"
836225,"356,97"
324857,"8,356,97,1796"
561,"356,97"
744,"8,97,1796"
73723,119
330457,337
299537,337
745,337
953,"119,356,97"
281957,"119,337,356,97"
114,337
668482,"81,796"
297761,"8,97,1796"
2454,337
8920,337
16869,119
140300,"119,97"
280,"81,796"
4233,"81,796"
348893,701
324552,"8,97,1796"
527774,337
50014,337
102899,337
338958,337
62211,337
146233,"356,701"
1008392,"81,796"
440,337
4348,"119,356,97"
346910,337
537915,701
49529,337
82702,"83,561,796"
115348,"356,97"
420817,337
1359,356
508943,337
10173,337
68726,"8,97,1796"
337401,"337,97"
62,356
297,"356,97"
75780,"8,97,1796"
390043,"81,796"
500664,"119,356"
639,97
615,"356,97"
857,"8,356,97,1796"
49521,"8,97,1796"
466420,350
4951,337
44214,337
807,"81,796"
1949,"356,97"
442249,"83,561,796"
458156,"81,796"
613504,"87,011,796"
166428,"83,561,796"
1579,356
109439,"81,796"
347969,"81,796"
37165,97
620,97
360920,119
9444,"337,356"
70981,337
87101,"83,561,796"
2503,"81,193,561,796"
752,97
82675,337
399035,"8,97,701,1796"
162,337
694,356
396422,"81,796"
527641,"8,356,97,1796"
51876,97
509,"356,97"
46195,337
11836,"8,97,1796"
47971,"81,796"
300668,"81,796"
427641,"81,796"
744275,"87,011,796"
138832,"81,796"
205587,97
242,97
262500,8
168259,"8,119,97,1796"
284054,337
116149,"356,97"
679,337
755566,"81,796"
351286,"356,97"
14161,"8,356,97,1796"
293,"8,356,97,1796"
62177,337
862551,"81,796"
10140,337
210577,"337,356"
135397,97
10184,"81,796"
466272,"81,796"
283587,"81,796"
640,97
400535,"356,97"
948,692
250546,"81,796"
331482,"8,97,1796"
68721,337
920,337
10358,356
2123,337
2109,"81,796"
283366,"83,371,796"
240832,"8,119,356,97,1796"
142,"356,97"
397243,"83,561,796"
329865,"356,97"
8355,"83,371,796"
1771,337
340102,337
1091,356
6479,97
249070,337
277217,337
257088,"356,97,701"
8835,97
1020910,356
495764,"81,796"
546554,"8,97,701,1796"
564,"81,193,561,796"
11224,337
640146,337
140607,337
339403,"8,356,97,1796"
506574,337
406990,"8,97"
22794,"8,97,1796"
278154,"83,371,796"
9769,"8,356,97,1796"
61791,337
697843,"81,796"
276907,97
22881,97
152601,"356,97"
166426,337
642885,337
280217,"81,796"
877013,356
10559,97
420808,337
82690,337
335977,337
11549,97
78,356
215,97
56292,"81,796"
43347,"337,356"
298250,"356,97"
281338,337
353081,"81,796"
8960,"8,97,1796"
1422,97
920081,356
9802,337
10590,"356,97"
24,"83,561,796"
35,337
744276,701
512195,"81,796"
361292,"81,191,796"
37135,337
9552,356
545611,"356,97"
10336,97
8961,356
75656,"8,356,97,1796"
228161,119
337339,"8,119,97,1796"
295151,"81,796"
1402,"8,97,1796"
273248,"81,796"
316727,"83,561,796"
157350,701
290512,337
13475,"8,97,1796"
12437,"81,796"
577922,"81,796"
158015,"83,561,796"
12092,337
345938,97
10009,337
1250,"8,97,1796"
127585,337
1045944,8
10545,337
169917,701
297270,337
10528,97
196867,"81,796"
10386,97
762975,"81,796"
68718,"81,796"
9279,337
812,337
335797,"8,119,356,97,1796"
359724,337
1040148,"81,796"
41025,692
389,97
10096,97
10402,337
158852,337
969686,356
22804,356
476669,337
20526,337
11544,337
239563,97
341174,356
207703,"83,371,796"
72105,119
22692,356
9297,"81,796"
9487,337
949,337
176,"8,97,1796"
406759,"8,97,1796"
137113,"356,97"
480414,"81,796"
8363,"8,97"
449443,"8,356,97,1796"
11631,"8,356,97,1796"
400160,"81,796"
256591,97
381289,"97,701"
10567,337
127380,337
293863,"8,97,1796"
5876,"8,97,1796"
343668,"83,371,796"
381288,"8,97,1796"
141,701
407436,"81,796"
47570,692
181812,337
490132,97
259316,356
578,"8,97,1796"
555604,"81,796"
16871,97
218836,337
431693,337
257344,97
9928,337
1487,"8,97,1796"
238636,356
9072,"81,796"
343611,"81,796"
184315,97
76757,"356,97"
50546,"81,796"
105864,337
57800,337
59440,97
11674,337
9737,356
218778,337
480530,701
508442,337
37799,97
950,337
7555,"356,97"
18240,337
311324,"8,119,356,97,1796"
312221,97
417384,"8,97,1796"
11529,337
228165,"81,796"
10200,337
310,337
779782,"81,796"
435,"83,371,796"
890771,"356,97"
10066,"83,561,796"
14574,"8,97"
1495,337
153,356
316029,"83,371,796"
509967,"81,796"
8698,337
137106,"8,97,1796"
242512,"81,796"
207,337
36685,337
607,97
181808,337
871,337
107846,8
177677,"81,796"
482373,97
621870,337
346672,"8,97,1796"
868759,350
398818,"83,561,796"
1734,"81,193,561,796"
787752,337
10159,97
869,337
646380,"81,796"
1724,337
9679,337
308531,"81,796"
137,97
429351,"83,567,011,796"
22970,356
10830,"81,796"
363676,97
3170,337
23631,356
7303,"8,97"
420821,337
4108,337
1366,97
628917,356
326359,337
15092,356
345940,356
404368,337
638449,"81,796"
39538,97
725201,"81,796"
38575,97
49530,"337,356,97"
272,"8,356,97,1796"
296,97
19908,"83,561,796"
258509,337
55301,337
394117,"8,97,1796"
254470,"119,97"
339692,"8,356,97,1796"
65,"8,97,1796"
10547,"356,97"
9032,"8,97,1796"
560057,"81,796"
41513,"8,97,1796"
333339,"83,561,796"
13515,337
273481,"83,561,796"
1620,337
27582,"81,796"
353486,97
855,"356,97"
324852,97
10065,97
615469,"81,796"
966,"356,97"
425001,97
412656,"356,97"
747,"81,796"
406997,"8,97,701"
278924,356
329996,337
10530,337
19994,337
109428,"81,796"
2024,97
456740,"87,011,796"
1089,"81,796"
1573,337
17979,337
15739,"81,796"
458220,350
32657,337
187017,701
15121,337
161,97
1954,"81,796"
9603,"81,796"
294652,"356,97"
1267,337
63,356
13387,"356,97,701"
1271,"83,561,796"
6877,"81,796"
1957,97
9772,337
290859,337
787,"337,356,97"
117263,"81,796"
12143,97
320288,337
345915,97
11351,356
1427,"83,561,796"
63492,337
51052,"81,796"
373571,"81,796"
5955,356
10112,337
62835,701
508,"81,796"
277834,337
491480,"81,796"
567609,337
10057,337
601,"119,97"
277,356
856,337
197,337
36647,"81,796"
381284,"83,371,796"
10591,"83,371,796"
9919,"8,97,1796"
602734,8
650,8
265208,"81,796"
464052,"81,796"
53182,"81,796"
10015,356
515001,337
10137,97
622,"356,97"
412117,"119,356"
27578,"81,796"
239,97
39514,97
123553,97
453405,"81,796"
980078,"356,97"
310307,"356,97"
12146,"81,796"
402,97
496,337
1701,337
9437,"81,796"
696806,"81,796"
9325,337
43074,97
297802,"81,796"
401981,337
512895,337
513310,"81,796"
116,97
956,"81,796"
172385,337
602,337
100402,337
223702,"81,796"
225886,"81,796"
5123,97
433808,"81,796"
466282,"81,796"
1029119,"81,796"
785084,"8,97,1796"
497828,"8,356,97,1796"
115,119
975,"356,97"
14869,97
175112,337
254,"356,97"
5548,97
9598,119
890656,"81,796"
11870,"81,796"
49519,"119,356"
47964,337
1979,337
117251,"8,356,97,1796"
278927,337
87827,337
27576,"8,97,1796"
289222,701
118340,337
539,356
205584,"356,97,701"
424694,"83,373,561,796"
6114,97
9399,"356,97"
429415,8
181533,337
511987,8
635731,"356,97"
499701,"81,796"
13053,337
188927,"81,796"
481848,337
2567,"356,97"
829280,"81,796"
428078,"119,356"
75258,337
2140,"8,97,1796"
764,"356,97"
17654,356
5175,"81,796"
9532,"83,561,796"
686,97
676547,356
6477,"337,97"
1685,337
453,97
10756,337
10340,337
12448,337
194662,337
1076487,356
10010,337
305470,701
120467,337
879,97
894205,337
399174,337
1688,337
9078,337
14174,356
423,97
522627,"83,561,796"
55341,"356,97"
451048,337
591273,"81,796"
286217,337
116711,337
13811,356
8645,337
442062,"8,97,1796"
43947,356
795514,356
11237,"81,796"
34851,337
522162,"8,97,1796"
11360,337
814,356
22832,"81,796"
5174,"81,796"
526007,97
393,"83,561,796"
9954,"81,796"
954,"8,97,1796"
74,97
77,"8,356,97,1796"
559969,"81,796"
318256,"81,796"
71676,356
364689,337
287947,"81,796"
322,97
2289,97
395834,"356,97,701"
24420,97
627725,350
342473,"356,97"
335796,"83,561,796"
41439,701
399055,337
530915,"8,97,701,1796"
274855,356
1824,97
22586,"81,796"
39486,337
24150,356
1026624,337
454983,"81,796"
9714,337
864168,"81,796"
70160,"97,701"
274857,356
698508,97
169,337
291805,"83,567,011,796"
44048,337
3049,"8,97,1796"
13353,350
10947,337
11212,337
924,356
2501,"8,119,356,97,1796"
392044,337
402897,97
10693,337
818397,"356,97,701"
9509,"337,356,97"
222935,337
116745,337
72331,337
853,97
10357,337
293970,"81,796"
739993,"81,796"
638974,"81,796"
13655,337
13680,337
20760,337
12405,"97,701"
185,356
1266,337
7220,"81,796"
7442,337
562,337
527261,"356,97"
615665,"81,796"
457232,"356,97"
64690,356
268896,"8,119,356,97,1796"
833425,337
38322,337
646,97
522681,"8,356,97,1796"
9631,"337,97"
788,337
10677,97
153518,"8,97,1796"
666277,"81,796"
329,119
100042,"356,97"
6282,337
12163,356
311,337
338952,356
257445,"8,97,1796"
617505,"81,796"
124905,"83,561,796"
114150,119
16523,97
17379,97
11820,97
10315,"337,97"
532639,337
2898,97
44833,"119,356"
300673,337
454640,97
395,337
90,8
419743,97
417320,337
524047,"8,97,701,1796"
10048,97
776503,"81,796"
840,97
1498,"356,97"
654028,"81,796"
318121,"81,796"
516486,350
374617,701
522518,"97,701"
58595,"8,97,1796"
1927,97
43949,"356,97"
9016,337
1581,"119,356,97"
522931,"81,796"
2675,337
433,337
318846,"337,356,97"
446354,"8,97"
504148,"356,97"
11046,97
282035,"81,193,561,796"
806,337
676,337
473033,"81,796"
136799,"81,191,796"
396806,"81,796"
121986,356
109451,97
965150,"8,356,97,1796"
374720,356
5915,97
9426,337
49040,"83,561,796"
13179,337
14347,"356,97"
57201,337
9543,337
390062,97
274870,"8,356,97,1796"
501170,"81,796"
484641,97
1372,"81,796"
395990,"87,011,796"
333484,97
193756,"8,356,97,1796"
199534,356
423988,97
1891,337
11319,337
274854,701
146198,701
8367,"81,796"
924482,"356,97"
590223,"81,796"
1251,97
25,8
224141,337
8358,97
253412,356
437586,"81,796"
512025,"81,796"
19912,"83,561,796"
10882,337
8741,337
291276,97
137116,"81,796"
19899,119
369557,97
9738,337
594,97
2251,337
33217,337
4982,"81,191,796"
10202,337
591274,"81,796"
36648,"81,796"
438590,97
13448,"81,796"
50544,"8,356,97,1796"
10330,337
1637,337
293767,"81,796"
295592,337
405774,"81,796"
705861,"81,796"
299687,"8,97,1796"
593643,337
133805,"81,796"
3132,337
140420,337
398978,"81,796"
399361,"81,796"
112336,337
563,337
4476,"81,796"
1635,"356,97"
262504,"81,796"
9342,97
227306,"81,796"
376659,"81,796"
25475,337
814338,"81,796"
6637,337
623491,"81,796"
513045,337
15590,701
10495,8
9567,"356,97"
264660,356
180,97
109443,"81,796"
76,356
1584,97
760161,"83,561,796"
1933,"81,796"
486589,"81,796"
1893,337
1690,97
11852,337
258489,97
661374,"81,796"
8456,97
2059,337
11451,337
10774,97
7345,97
515248,"81,796"
508439,337
550205,"81,796"
11007,337
460019,"83,561,796"
9361,"81,796"
62214,337
258230,"356,97"
41154,97
95,337
10837,337
134411,"356,97"
948713,"81,796"
84892,97
9286,"83,561,796"
204082,701
1892,337
96721,"356,97"
8078,337
407375,"81,796"
363088,337
693158,97
9335,337
503736,"81,796"
267935,337
10766,337
18360,337
1092,"356,97"
166424,337
10331,"356,692"
635,"356,97"
61012,356
72387,356
2649,"8,356"
426543,337
11005,97
13363,97
68735,"8,119,356,97,1796"
460465,356
754,337
2253,"97,701"
8699,"81,796"
11247,97
9358,"83,561,796"
346648,"8,356,97,1796"
91586,97
302946,97
10865,337
391713,"356,97"
244506,97
10647,97
258480,"83,561,796"
537996,"81,796"
18736,337
9475,356
256835,337
37958,97
9741,337
555285,"81,796"
235,97
2277,97
706972,8
44683,337
2502,"83,561,796"
1562,337
50321,337
591,"8,97,1796"
60307,337
2023,337
82700,97
551608,"356,97"
9982,337
6957,119
12783,"356,97"
443009,119
1045644,"81,796"
9836,97
8009,97
105965,337
862552,"356,97"
21385,337
18449,692
552178,97
75612,"8,356,97,1796"
447404,"83,561,796"
10601,97
1077280,119
13195,97
441130,350
399019,97
11918,"356,97"
479455,97
11886,337
250574,"81,796"
747188,"81,796"
36955,337
11012,"81,796"
27581,97
55779,"83,561,796"
334541,"356,97"
347375,"8,97,1796"
34544,337
419478,"8,356,97,1796"
756,337
558,"8,356,97,1796"
16119,337
283686,97
82703,8
296524,"8,97,701,1796"
2832,97
51828,"356,97"
347626,"81,796"
433498,"8,356,97,1796"
774752,337
10731,337
70006,"81,796"
334543,"356,97"
54138,"81,796"
881,97
348350,337
220289,97
395992,"8,356,97,1796"
955,"81,796"
740925,"81,796"
392,97
4523,337
654974,337
6795,97
290751,"356,97"
332210,97
753453,"356,97"
301,97
52520,"81,796"
16441,"356,97,692"
227,97
36586,"81,796"
9378,97
64635,97
3563,119
644,97
439015,"81,796"
608,97
5925,97
290595,356
68728,337
9392,356
10802,"8,356,97,1796"
1735,"119,356"
336011,"81,796"
8856,8
8077,337
474335,97
339259,"8,97"
455839,97
585216,97
2005,337
568091,"81,796"
97630,"8,97,1796"
44115,337
10735,97
718789,337
514999,"81,796"
280996,97
415842,701
88,97
205775,97
76812,"356,97"
3093,356
72570,97
630004,"8,97,1796"
369972,"356,97"
45612,"8,356,97,1796"
11358,97
14191,337
10999,337
1571,337
961323,"81,796"
583083,"81,796"
6978,337
2064,337
51162,337
13700,337
11667,356
9334,356
522478,97
70074,356
9257,97
3766,356
338762,97
547016,"81,796"
291870,356
8271,"81,796"
434555,"81,796"
41283,"81,796"
1090,"8,97"
626735,"356,97"
107985,119
27022,337
501929,"81,796"
726759,350
617653,337
302688,"8,356,97,1796"
291413,567
594328,337
49520,119
330459,337
4347,"119,356,97"
1272,337
9766,"81,796"
290250,"83,561,796"
5994,"8,356,97,1796"
9693,"356,97"
47933,337
136795,337
664280,"81,796"
491854,"356,97"
462,97
9762,97
50839,"356,97"
97020,97
9029,"337,97"
211672,97
810171,337
1491,"356,97"
11395,337
10724,"356,97"
790,356
49047,97
476299,356
458109,"356,97"
655,11
8963,337
530227,356
4327,97
9360,"8,97,1796"
8095,337
45269,"356,97"
760875,97
454,337
10022,337
568,"119,356"
254172,97
76726,337
385103,"81,796"
64682,97
322240,97
850099,"356,97"
11322,356
514921,119
460668,"8,97,1796"
18299,97
1593,337
192141,"97,701"
324668,"8,119,356,97,1796"
109414,"356,97"
483906,"81,796"
798286,"81,796"
549053,"8,356,97,1796"
765172,"81,796"
961484,356
11888,337
644092,"81,796"
317557,337
203801,"356,97"
923,"356,97"
1645,337
342470,"81,796"
10551,337
30943,"81,796"
9948,337
80274,97
37735,97
80278,"356,97"
527776,"81,796"
458576,"356,97"
334533,"8,97,1796"
782,97
8065,"81,796"
44826,97
10481,337
341013,"81,796"
450465,"337,97"
10436,97
38363,97
605116,"81,796"
440021,"8,356,97,1796"
10535,337
516329,337
8247,"337,356,97"
4421,"356,97"
164,97
1911,337
1576,356
19072,97
3558,97
59967,"356,97"
1895,337
38167,"8,97,1796"
340666,"81,796"
43593,356
7980,97
49049,356
40807,97
629176,119
335795,"81,796"
9715,97
512196,356
48844,337
11158,337
1542,337
302156,97
10644,356
505026,337
760926,"356,97"
3580,356
419479,"81,796"
134597,356
376867,97
4643,337
9354,337
10637,337
6557,337
9339,"8,97,1796"
96,8
49017,"83,561,796"
2486,337
114750,97
860159,337
388,356
11459,"337,356"
740985,119
11282,356
10760,"81,796"
9477,337
226672,97
600583,"81,796"
266856,"356,97"
23761,692
1858,97
674324,337
1572,337
82695,"8,356,97,1796"
10876,337
236751,97
567189,119
16394,337
3981,"8,356,97,1796"
19114,356
136400,701
509585,119
227973,337
552688,"81,796"
11565,337
20943,"81,796"
2288,356
544,337
1004663,356
351211,"8,356,97"
13250,"356,97"
599521,337
1844,337
2268,97
527435,"81,796"
11132,337
1375,701
615677,"81,796"
638597,"81,796"
429476,"8,97"
11893,356
398173,"81,796"
345911,97
241848,356
452832,"356,97"
378236,"8,97,1796"
532671,"356,97"
524,"81,193,561,796"
15373,119
758336,"81,796"
9480,"337,97"
14405,337
68724,"8,356,97"
546121,"8,356,97,1796"
751741,337
9889,337
739990,"81,796"
338766,"8,97"
10950,"356,97"
508763,"8,97,1796"
310119,"356,97"
10489,356
508965,"81,796"
9387,337
1381,"337,97"
732713,119
11683,356
619297,"81,796"
482321,337
76649,97
715931,350
499932,"81,796"
21407,"356,97"
25155,692
274479,"337,97"
335778,"8,97,1796"
440471,"8,97"
428449,97
15789,337
345009,701
9600,337
418078,97
390054,"81,796"
171424,356
9313,97
4547,"356,97"
384680,"97,701"
97614,701
625450,"81,796"
335788,97
12090,337
532408,337
10823,356
804,97
72710,"356,97"
400106,"81,796"
1894,337
461992,356
296360,97
505177,"356,97"
484718,119
43959,"8,97,1796"
569367,356
1656,"81,796"
9472,337
4638,356
242310,356
20662,8
10641,701
27,"356,97"
306,8
13654,337
1028248,"356,97"
492188,"81,796"
339877,97
8007,337
9595,337
804095,"81,796"
501907,97
25037,97
11172,97
758009,"81,796"
254320,356
347754,"81,796"
207932,"81,796"
339967,"356,97"
296065,356
6068,337
294963,701
560050,"81,796"
49524,356
22949,337
877183,337
565426,"81,796"
785752,8
309809,97
11778,"356,97"
379149,"356,97"
394830,701
301804,"97,701"
26466,"8,97"
587792,"81,796"
7278,337
1443,"81,796"
12184,"356,97"
38745,337
325189,337
21481,337
375588,"356,97,701"
16296,"356,97"
3034,"356,97"
13201,356
71469,"337,356"
614911,"81,796"
458897,"81,796"
9513,337
6947,337
45772,"337,97"
37725,"356,97"
178809,356
970284,"81,796"
303991,8
9476,97
491418,"81,796"
24018,"692,701"
13767,337
286567,"356,97,701"
2133,97
19840,337
400650,337
807196,"356,97"
77887,337
10708,97
11015,356
595,97
556694,"8,356,97,1796"
11355,337
109424,"8,97,1796"
460793,337
12162,"8,356,97,1796"
632856,350
337170,97
852096,"81,796"
37834,"337,356,97"
9560,337
13649,337
476968,"81,796"
964,692
593910,119
263109,97
345920,97
47327,"356,97"
169209,356
38940,356
431580,"8,119"
55721,"8,119"
1029578,"81,796"
3635,"8,356,97,1796"
157433,356
463272,"81,796"
805327,"81,796"
22638,97
14248,356
11676,337
823625,356
581859,"81,796"
8488,"8,97,1796"
456750,"81,796"
483980,337
603661,97
8055,356
399057,"81,796"
20048,337
722149,"81,796"
14164,337
97370,356
86834,"337,97"
187596,"356,97"
12536,337
1087040,"81,796"
1027014,"81,796"
15567,337
22727,692
111969,97
10539,337
588921,356
1966,"356,97,1796"
380,97
2182,"356,97"
419704,"8,337,356,97,1796"
778810,"356,97"
19585,337
792,97
13969,"83,371,796"
4032,97
1636,337
36419,97
22971,97
921636,"81,796"
666243,"81,796"
119283,"356,97"
811592,"83,561,796"
82693,356
60308,"8,97,1796"
15657,337
10957,337
597922,350
10726,356
10562,"356,97"
9208,337
6878,337
294793,119
10761,"8,97,1796"
1577,356
230222,97
531309,"8,97,1796"
9036,337
9710,97
500475,"81,796"
21500,356
371645,"81,796"
46705,"83,561,796"
287948,"97,701"
9905,"356,97"
407451,337
775996,"81,796"
442065,97
388399,"97,701"
768,337
62764,"356,97"
9021,337
534039,"356,97,701"
82654,356
631143,356
866,97
7551,337
22327,356
567,97
6171,356
58431,"356,97"
9904,337
59436,"356,97"
86337,692
9833,97
10885,337
7304,356
587,97
244761,"356,97"
3131,356
11887,337
698948,119
387592,97
10479,"356,701"
853354,"81,796"
840882,"81,796"
12154,337
560044,"81,796"
458423,"119,356,97"
458723,356
256092,97
246403,"356,97"
286654,"356,97"
11372,"356,97"
10317,97
12771,"356,97"
37247,"8,356,97,1796"
14784,"356,97"
878361,"81,796"
355338,337
49517,97
302150,"356,97,701"
617,356
9884,356
17941,"81,796"
9798,337
181283,"356,701"
31011,356
9064,356
35685,97
15487,337
615177,"81,796"
77950,"81,191,796"
509635,97
851,"356,97"
4858,97
238713,337
457710,356
556574,337
18032,97
38321,97
151960,337
664341,"81,796"
3021,356
1904,97
645886,"81,796"
2280,337
34560,337
376290,"8,97,1796"
614409,"81,796"
741074,337
181886,"356,97"
11835,356
179826,"356,97"
870518,"81,796"
522924,337
254473,97
582596,"81,796"
462181,356
97367,"356,97"
77931,"81,796"
134375,337
283235,"8,97,1796"
656690,"81,796"
430354,"81,796"
11045,337
58224,337
286565,337
9398,"81,796"
409617,356
796499,"81,796"
818750,"81,796"
717980,350
14168,97
11850,"356,97"
18647,"356,97,692"
684684,"356,97"
270938,701
3597,"81,796"
504172,"81,796"
809107,337
847,337
278236,97
42188,337
417830,337
14202,"356,97"
398181,97
4584,97
389015,"356,97"
173,"337,97"
10741,97
9303,356
37530,"356,97"
408266,"356,97"
730840,"81,796"
11678,97
13956,97
543540,"81,796"
270774,"97,701"
10603,337
678287,"81,796"
351460,"81,796"
293299,337
1259,337
480105,97
14136,337
17610,"81,796"
384798,"356,97"
14873,337
9778,97
335866,8
497582,"81,796"
430040,"356,97,701"
59108,356
978,97
858,97
10215,356
168530,"81,796"
303858,"8,97,1796"
50725,"81,796"
5279,"356,97"
13813,"356,97"
76025,97
11978,337
758330,97
28176,"356,97"
1492,"356,97"
8975,337
500682,"81,796"
11615,356
8051,97
9486,"81,796"
112454,97
429300,"8,356,97,1796"
30924,356
3112,97
2640,356
776835,"81,796"
12102,97
653851,"81,796"
6341,"81,796"
375262,337
238615,"356,97"
887,"356,97"
10778,356
335360,"356,97"
2539,"81,796"
8374,356
474354,"81,796"
286192,337
11416,356
410113,"81,796"
848791,"81,796"
22718,692
869612,"356,97"
7552,97
405177,"8,356,97,1796"
846433,"356,97"
10866,337
401469,97
395991,"356,97"
8452,97
820,"337,97"
2026,"356,97"
284293,"83,561,796"
547565,337
2453,356
12180,337
669671,"81,796"
19918,"356,97"
8408,356
4553,"356,97"
11587,97
404,"356,97"
8292,"81,796"
96724,97
10134,"356,97"
1125,97
631060,"81,796"
867,356
93856,"356,97"
451915,119
34723,337
431530,"81,796"
491283,"81,796"
127651,356
714669,"81,796"
10998,"81,796"
11298,356
394223,"356,97"
824,337
325789,"356,97"
254904,"356,97"
718444,"356,97"
10510,337
270487,97
876969,356
504949,8
585244,97
762968,"81,796"
857702,337
454227,"81,796"
1017335,356
262,"337,97"
436274,97
174772,97
425505,"356,701"
525661,97
404378,"8,356,97,1796"
14299,97
421,337
10083,356
9800,97
330483,"356,97"
343674,"81,796"
19403,356
37821,701
461053,"81,796"
37056,"356,97"
1574,97
22798,97
332979,"356,97"
395993,"356,97"
77016,356
11638,"337,97"
86829,97
2926,"356,97"
193610,337
464889,"81,796"
223,97
553604,"356,97"
507256,"356,97"
109091,337
121856,"8,119,337,97,701,1796"
271969,97
12262,356
1003180,"81,796"
9947,337
9390,97
774741,337
242042,"356,97"
82657,97
457799,"81,796"
8874,97
9969,337
32307,701
420814,337
145220,337
539537,97
645788,"81,796"
38050,356
318922,"8,356,97"
447200,"8,119,356,97,1796"
28981,"356,97"
445629,701
381719,97
592834,"356,97"
396371,"8,97,1796"
175574,"356,97"
9641,337
8814,356
290637,97
19959,337
1497,356
458594,"356,97"
592984,"81,796"
12476,356
269795,701
465003,"81,796"
284289,97
541134,"81,796"
649409,356
375107,97
530382,"81,796"
869112,119
285783,97
13205,337
10911,97
69,337
333596,"81,796"
7972,"83,561,796"
100241,97
71,97
184346,"81,796"
1586,"81,796"
814340,350
502425,"356,97"
59961,"81,191,796"
591538,350
7299,97
203739,"356,97"
463821,"8,97"
19972,97
263341,"81,796"
41974,356
505225,"81,796"
7452,356
535292,"83,561,796"
295693,"119,356,97"
844398,356
43266,356
1633,"356,97"
15856,692
204922,"356,97"
9397,"356,97"
12572,"356,97"
460321,"81,796"
14813,337
253344,97
10027,"356,97"
446101,356
2757,"356,97"
43539,"97,701"
13187,350
877269,337
515195,"83,561,796"
736790,"81,796"
997120,"81,796"
21316,337
9718,"81,796"
14306,"337,356,97"
760204,"356,97"
850018,"81,796"
255157,97
449406,"81,796"
109421,"356,97"
399170,"356,97,701"
3512,337
471014,"81,796"
179,356
4141,356
353326,"356,97"
556803,"81,796"
9890,97
823766,"81,796"
10414,337
4147,337
2642,8
152532,356
1887,97
472674,"81,796"
37257,97
675327,97
1499,356
296271,"356,97"
953300,"81,796"
10028,356
500840,"81,796"
76285,337
10679,"356,97"
817648,"81,796"
259694,97
232,356
50456,97
845404,"81,796"
301365,"83,561,796"
591275,"81,796"
256962,97
309425,"356,97"
228973,"356,97"
524251,"81,796"
9871,356
21734,97
544431,"356,97"
1639,337
210860,"356,97,701"
2022,"8,97,1796"
14334,"356,97"
13682,337
42517,692
509598,"8,97"
9946,337
532865,"81,796"
97,337
62206,"81,796"
1985,"83,561,796"
9382,337
1588,"8,356,97,1796"
347629,97
12573,97
243,337
449563,"81,796"
548066,"8,97"
8321,356
16643,97
1005835,"81,796"
622420,"356,97"
13455,97
29852,692
846,337
10633,"356,97"
8092,337
9493,"356,97"
651070,"81,796"
11560,337
266647,97
79218,337
28696,356
316154,"81,796"
227156,"97,701"
21338,"356,97"
713,"356,97"
416144,97
9676,"81,796"
2698,97
403119,"81,796"
7461,97
805195,"356,97"
8867,337
2018,97
413362,"81,796"
780609,"356,97"
21755,"356,97"
287424,"356,97"
597316,"81,796"
411019,97
253980,337
1049,337
4474,"337,97"
601666,"81,796"
739413,"81,796"
132064,356
14635,337
800815,"81,796"
595743,"81,796"
1710,337
1689,356
800937,"81,796"
458305,"8,356,97,1796"
623195,"81,796"
14637,97
537116,"81,796"
85350,"8,356,97,1796"
4806,337
554230,97
323675,"81,191,796"
936061,337
1587,"8,356,97,1796"
399404,97
9585,"356,97"
314365,"8,97,1796"
1022256,350
272693,"8,97"
6961,"356,97"
800510,356
797838,356
130925,337
59962,337
528085,"356,97"
324542,97
152259,97
2046,"356,97"
803104,337
86838,97
628914,97
646207,97
12113,"356,97"
1058647,"81,796"
9383,97
559907,"97,701"
65650,"356,97"
1598,"81,796"
509874,"356,97"
122800,8
561717,"81,796"
2164,97
22734,701
6279,337
4442,97
565310,"8,97"
340837,"119,337"
8836,337
463257,97
493551,"81,796"
522212,"81,796"
375785,97
283227,701
551332,"81,796"
2114,97
571384,356
10833,"356,97,701"
897192,337
791568,97
611914,"356,97"
9410,337
953371,"81,796"
586347,"81,796"
41210,97
301502,"81,796"
31997,97
143,356
542178,337
615643,"8,97,1796"
12620,"81,796"
249164,97
413644,"356,97"
25189,"81,796"
9289,97
11386,97
82505,"356,97"
10521,"337,97"
10513,"11,701"
44982,356
212778,"8,356,97,1796"
876716,337
332567,"8,356,97,1796"
526224,"356,97"
209276,356
403431,97
89008,"356,97"
199928,"81,796"
828,692
1694,356
934756,"81,796"
913862,"81,796"
284019,337
11114,337
11336,356
454467,337
68,337
451925,97
504,"83,561,796"
20766,"356,97"
156700,"356,97"
2977,97
17277,"356,97"
356334,"81,796"
82,356
635237,"356,97"
753232,356
319888,337
276905,97
22744,97
227707,97
7520,337
429467,"356,97"
28437,692
523781,97
82650,337
316042,97
11976,337
574089,337
26688,356
570973,"81,796"
15070,356
429473,"81,796"
11671,701
8665,"8,356,97,1796"
8845,337
612706,"81,796"
9315,337
301351,"81,796"
454294,337
11577,356
881460,"356,97"
70578,356
334524,"356,97"
9035,356
22479,356
471506,"8,356,97,1796"
24739,"356,97"
157544,"356,97"
667739,"81,796"
346671,"81,796"
34463,337
513691,"97,701"
384521,"81,796"
10316,97
12233,337
5968,356
137968,97
5143,97
502292,"81,796"
308504,97
16690,337
216282,97
15775,97
345934,356
14292,337
644583,97
457041,"356,97"
521034,97
628878,"356,97,701"
476926,"356,97"
46528,97
36884,356
106747,"356,97"
890825,"81,796"
425972,"8,356"
403,"8,356,97,1796"
1817,337
484247,"81,796"
9282,356
261,97
582913,97
10329,97
940,"356,97,701"
65218,337
429471,97
9314,356
699102,"81,796"
533642,356
1015963,"356,97"
10922,701
241258,"356,97"
13159,"81,796"
14320,"356,97"
278925,"356,97,1796"
2290,97
339988,"8,97"
340584,97
16235,356
814800,119
511322,"81,796"
2118,337
11881,337
12182,97
6951,337
49021,356
15655,337
793961,356
424121,"81,796"
548473,356
10632,701
535544,"119,356"
920125,337
449985,97
60555,692
317744,356
763164,"356,97"
1024,356
2976,97
1480,356
249,337
83666,"81,796"
964980,119
298382,"356,97"
354285,"356,97"
736769,"81,796"
18487,97
34205,337
397422,"8,97,1796"
278774,337
10684,337
9326,337
9882,337
465086,"81,796"
9454,337
6972,337
10025,"337,97"
11091,97
198277,97
814757,337
23706,337
347984,"356,97"
34996,356
433310,"81,796"
544401,350
59860,"337,97"
11121,"356,97"
109491,97
228066,337
11940,692
302666,"356,97"
199575,356
864116,97
28503,701
597208,337
43566,97
115782,"356,97"
505948,"81,796"
222936,"8,337,97,1796"
268092,97
28032,337
10839,356
9726,337
693113,"356,97,701"
396810,97
13836,337
11536,"356,97"
454992,"8,356,97,701,1796"
449664,"356,97"
11848,"356,97"
180894,"356,97"
359412,"356,97"
2297,"356,97"
555974,97
38357,97
10437,337
324560,356
365942,97
328387,"8,356,97,701,1796"
590706,356
522444,97
9427,337
778855,"356,97"
13056,"81,796"
9994,337
16638,"356,97"
860623,356
979924,356
347847,"356,97"
22784,356
491472,97
277355,"356,97"
27850,337
113947,337
491037,"356,97"
9760,337
460846,"356,97"
949580,350
39356,11
71859,"83,561,796"
19384,97
763148,"356,97"
324670,"81,796"
836009,"81,796"
419831,"83,561,796"
1024546,"8,356,97,1796"
55680,"81,796"
314095,"8,97,1796"
48140,701
465136,701
570480,"356,97"
1534,337
612,"8,97,1796"
11368,97
4538,337
308529,"356,97"
25009,"356,97"
557946,"97,701"
127493,"356,97"
458253,97
719256,"81,796"
6589,701
500921,701
503616,"81,796"
38303,337
68722,356
16258,701
12721,"356,97"
6521,356
86597,97
3573,97
77883,"356,97"
11644,"356,97"
334538,356
1134865,"81,796"
809787,"81,796"
552532,356
32823,8
38542,356
59981,"8,356,97,1796"
92493,97
369885,97
857729,"81,796"
13435,337
531306,"81,796"
945657,356
333348,701
449755,"81,796"
982271,"81,796"
15192,356
446021,337
9675,337
11873,337
531503,8
214314,337
1070802,"356,97"
106112,337
10610,"356,97"
9386,97
12238,356
13155,337
533938,97
88005,"356,97,701"
801,337
24767,337
10033,"8,356,97,1796"
531438,"81,796"
4970,97
707886,"81,796"
72431,337
810271,"356,97"
122857,356
703134,"81,796"
502033,"119,97"
13497,337
7839,701
579496,"81,796"
313943,"356,97"
86825,337
831946,"81,796"
10685,"356,97"
49953,"356,97"
653349,337
118289,97
11817,701
33667,97
661950,"356,97"
11164,337
37710,97
64686,119
13483,97
164558,"81,796"
15159,701
426793,"8,97"
13243,356
340027,97
671583,337
20481,"356,97"
799546,"81,796"
16222,"81,796"
157547,97
25504,692
949581,350
231576,356
43279,"356,97"
238215,"356,97"
11630,337
10785,97
26390,"356,97"
28510,356
400710,"81,796"
321697,356
44571,"356,97"
489999,"356,97"
12123,337
1420,"356,97"
11425,337
26031,701
75900,97
1063422,"81,796"
352492,"81,796"
31225,11
167810,356
520172,97
797815,"356,97"
283350,97
284274,337
881164,337
18254,356
525657,356
1018494,"356,97"
9456,356
339103,356
585378,97
9384,97
9587,97
11167,"356,692"
17431,97
4244,337
288036,356
722913,"81,796"
615678,"81,796"
225574,"356,97"
10912,"356,97"
411144,"356,97"
24913,356
728054,"356,97"
49077,337
13477,337
475210,"81,796"
537739,"356,97"
402529,"356,97"
2312,"356,97"
17687,"356,97"
22907,"81,796"
1024535,337
936625,"81,796"
668461,"81,796"
845,97
249660,97
270007,97
578189,"81,796"
9042,356
10851,"356,97"
766907,"356,97"
531876,97
728142,97
739986,"81,796"
294016,"356,97"
17057,"356,97"
64685,97
13823,337
19766,337
13939,"356,97"
22856,692
626393,"81,796"
36758,356
763873,337
384677,"81,796"
10249,337
20771,337
18126,337
241,337
1001865,"81,796"
346687,"81,796"
10657,"356,97"
4688,97
10480,"356,97"
409297,"356,97"
438145,"356,97"
11652,337
407445,"81,796"
362826,"356,97"
9955,356
718867,"81,796"
49526,97
962,701
29917,97
12103,337
480857,"356,97"
241257,"356,97"
9777,97
9346,701
389053,"81,796"
48781,356
3050,337
152760,337
146223,356
758724,97
11846,337
958196,"81,796"
9665,"81,796"
210479,"81,796"
273509,356
244509,"97,701"
283378,"356,97,701"
33909,337
295964,"356,97"
435615,"356,97"
10264,"356,97"
13996,97
469721,356
275601,97
932430,337
534072,701
459928,97
828613,119
10206,337
738646,"81,796"
3090,"356,97"
44040,356
11209,"356,97"
426618,"81,796"
449176,337
773,337
44244,337
44129,"356,97"
811367,337
178682,337
12663,"356,97"
581600,"81,796"
369697,"356,97"
508138,97
20853,"356,97"
10720,"337,97"
505379,"81,796"
1613,701
429197,356
762879,337
9873,"356,97"
977223,"81,796"
443463,97
245698,"356,97,701"
698128,97
259954,"356,97"
511809,337
823610,"356,97"
802443,"81,796"
820912,"81,796"
74465,337
48340,"356,97"
758879,"81,796"
101731,97
9441,97
25673,"356,97"
821881,"81,796"
390051,97
145316,337
7093,356
376660,"8,97,1796"
723419,"81,796"
934761,"81,796"
977770,"81,796"
450322,356
687,97
618162,"81,796"
416153,"8,356,97,701,1796"
342737,"81,796"
13942,701
11880,"356,97"
24740,356
177888,337
8998,"81,796"
11515,"356,97"
64720,97
467660,97
19542,"356,97"
616651,"8,97,1796"
370687,"356,97"
17134,337
13220,356
109099,356
133558,"356,97"
298584,356
578908,"81,796"
11569,356
40969,356
523777,"81,796"
339380,97
586707,"356,97"
566222,"81,796"
566222,"81,796"
9909,337
760099,97
17038,356
654754,350
9703,97
763788,"356,97"
152603,"356,97"
4104,97
538207,356
69103,337
17334,"356,97"
11076,97
320,356
680593,97
13188,"356,97"
612152,"81,796"
506281,97
39890,692
808023,356
397837,"81,796"
277685,"8,356,97"
293646,97
410199,"81,796"
33061,356
55504,337
581734,337
764835,356
74523,"356,97"
70436,356
720026,"356,97"
590,"8,97,1796"
535845,"81,796"
4413,356
504631,"356,97"
770254,"81,796"
765245,350
76122,337
26371,"356,97"
368304,119
35056,337
42012,356
267805,"356,97"
643550,119
400617,"8,356,97,1796"
10135,356
536869,356
10707,"8,97,1796"
983793,"356,97"
2619,337
455551,"356,97"
683311,97
68924,356
535581,97
634544,119
43939,"356,97"
738652,"81,796"
15400,337
8066,"337,97"
4415,97
492998,356
58151,337
24803,97
10782,97
734265,"81,796"
472734,"81,796"
359784,"8,97,1796"
447665,"356,97"
823855,"81,796"
43549,356
1523,337
2252,356
158426,"356,97"
10654,356
736918,"81,796"
866413,"81,796"
459992,701
829799,"356,97"
14313,356
9033,356
334521,"81,796"
416477,"119,97,701"
10449,337
35052,356
629017,97
624963,"81,796"
5820,337
575774,"81,796"
624789,"8,97"
504827,337
209504,356
38843,337
387426,"81,796"
10875,"356,97"
199373,356
664850,350
12403,"356,97"
975714,"81,796"
1722,97
1035806,"356,97"
446894,"81,796"
1535,"8,356,97,1796"
9445,"81,796"
689723,"81,796"
54318,97
513584,356
643882,"81,796"
503125,"356,97"
13384,97
19051,97
567965,"356,97"
486131,"81,796"
71688,97
12225,356
438689,356
311667,"356,701"
791,"81,796"
703451,"81,796"
10680,337
431075,"356,97"
9058,97
523077,356
28665,97
10326,97
22387,"356,97"
474392,"356,97"
396493,"81,796"
968438,"81,796"
339547,"356,97"
672647,119
38117,"356,97"
812456,"81,796"
308084,97
14979,356
1013228,"81,796"
454615,"356,97"
103731,97
890228,119
20156,"356,97"
32613,692
1810,"356,97"
354859,"356,97"
77234,"356,97"
11617,97
505600,"81,796"
11176,337
11427,"356,97"
449756,"356,97"
842942,"356,97,701"
539649,119
5723,356
848981,350
385448,"356,97"
682532,"356,97"
23082,"81,796"
200505,"356,97,701"
26388,97
1028938,356
14510,356
10339,97
11931,337
597890,"81,796"
3525,337
327331,"81,796"
21845,337
22972,356
373314,"356,97,701"
8669,97
441183,"356,97"
74534,337
157827,"81,796"
27346,356
282297,"81,796"
82424,337
1033107,"81,796"
467632,"8,97"
88212,337
504982,97
312791,356
445065,"81,796"
17130,"81,796"
527660,"356,97"
524348,119
202575,97
333352,"356,97,701"
718949,"8,356,97,1796"
92208,337
49948,337
911068,"81,796"
328111,"119,356"
340677,97
390056,"8,356,97"
24056,701
329833,"81,796"
628707,356
10640,"356,97"
16367,97
15056,97
167,97
1649,97
556984,"81,796"
1015606,337
16941,97
12227,337
387893,337
689700,"356,97"
80389,356
910,"356,97"
315664,"356,97"
29722,356
763149,"81,796"
416234,"356,97"
30431,"356,97"
43824,"356,97"
6615,97
20595,"81,796"
302401,97
806368,356
381237,356
25059,337
617762,97
8738,"356,97"
10403,356
15300,337
318,97
848123,"356,97"
560144,356
146631,"356,701"
545963,356
10705,"356,97"
759507,"81,796"
743601,"81,796"
1725,97
766475,337
42418,337
17917,97
789708,"81,796"
9846,356
1037929,337
28211,356
62046,"356,97"
340945,97
81836,356
250230,11
22007,97
13910,"356,97,701"
11588,356
288,97
396398,"81,796"
23759,356
42245,692
647250,"81,796"
256917,"356,97"
157843,"356,97"
8844,97
776527,337
1847,356
18030,"356,97"
9722,97
29710,356
258210,"356,97"
11031,"356,97"
13051,337
1662,356
291351,97
500916,356
640882,97
433627,"8,97"
22660,337
164457,"356,97"
491926,"356,97"
302,"8,356"
11868,97
2982,692
382399,"356,97"
744746,97
433252,"81,796"
40353,"356,97"
534490,701
508664,"356,97"
529485,"81,796"
13528,"356,97"
16084,337
939790,337
293310,97
226,337
613911,119
11219,97
1062839,356
2116,97
733317,"356,97"
1941,97
448776,"81,796"
452507,"81,796"
25736,97
651571,"356,97"
157834,"356,97"
436494,"356,97"
10847,97
13934,337
3085,701
9364,"356,97"
68730,97
399131,"81,796"
500852,"81,796"
483096,"356,97"
595586,350
457335,"83,561,796"
11260,337
567748,"81,796"
419700,"81,796"
401561,"356,97"
582570,"81,796"
752939,"81,796"
14055,"356,97"
4380,97
916740,"81,796"
77987,"356,97"
16391,"356,97"
12920,97
858408,"81,796"
9779,97
653567,"81,796"
540158,"356,97"
24480,337
388440,97
391710,"81,796"
1061117,"81,796"
785539,"81,796"
664236,"81,796"
304357,97
35412,97
8195,97
680028,97
376134,"81,796"
325373,356
1058699,350
509730,"83,567,011,796"
13681,"356,97"
18706,701
9966,"356,97"
241843,"356,97"
11184,356
454458,97
4911,356
339397,97
599281,"356,97"
623856,356
13706,337
9574,337
474051,"81,796"
11131,"356,97"
740952,"356,97"
923632,"81,796"
331392,"356,97"
521935,"81,796"
38939,692
926899,"81,796"
12628,"356,97"
785533,"81,796"
25670,97
42738,356
70706,97
13968,337
716594,"8,97"
10569,"356,97"
10808,337
11327,"81,796"
374473,97
23125,692
9541,97
136278,97
73194,"356,97"
812635,337
584962,"81,796"
300424,119
331962,"356,701"
7095,337
913823,337
972313,"356,97"
515789,97
1833,97
506072,356
26515,356
462919,"81,796"
3309,97
390061,97
11257,97
25768,11
802217,356
697064,97
64328,337
64689,"356,701"
470229,356
470897,"356,97"
16553,97
13972,"356,97"
768141,337
41215,"356,97"
16535,97
8090,701
5289,"8,356,97,1796"
611605,97
4917,692
495193,"81,796"
44639,97
539181,"356,97"
21183,"356,97"
846250,337
55420,337
13374,337
14878,"356,97"
461928,"356,97"
16241,"356,97"
468224,337
5146,97
409582,"87,011,796"
632617,97
1165,"8,356,97,1796"
21583,97
17918,356
623958,"356,97"
1944,356
4808,"356,97,11"
500904,"356,97"
58244,97
499319,"81,796"
258284,"356,97"
45156,"356,97"
833097,"81,796"
77878,97
10824,356
333385,356
458131,"81,796"
49787,356
412105,"81,796"
246860,"8,97,1796"
15654,701
9801,97
95608,"81,191,796"
603119,97
851281,"81,796"
154282,97
328425,97
881500,"81,796"
11128,97
664996,"81,796"
6715,97
454293,"81,796"
300693,"356,97"
11331,97
137566,97
55787,337
94348,356
10210,337
2447,"356,97"
9504,"356,97"
9615,"81,191,796"
523773,356
1990,"8,356,97,1796"
36206,97
921,"8,337"
12707,"356,97"
660353,"356,97"
332,337
156711,97
16563,"356,97"
716612,"8,97,1796"
257785,"81,796"
113148,11
127372,97
11375,309
123109,356
270771,97
174316,97
718633,"81,796"
671295,"81,796"
359228,"356,97"
541524,"81,796"
158907,97
1450,356
597156,"81,796"
595149,356
993145,"356,97"
14249,356
10362,356
20235,337
393306,97
10391,"356,97"
397415,97
714375,"81,796"
308453,"81,796"
13551,"356,701"
505707,"356,97"
351339,97
785545,"81,796"
520720,337
8316,356
11942,356
306966,97
4281,356
245473,337
8067,"356,97"
10197,"97,701"
577,356
37606,356
597891,"81,796"
11300,"356,97"
11478,"356,97"
250388,"356,97"
14059,337
569547,"81,796"
27759,97
627879,"356,97"
11370,"356,97"
19901,356
529962,"81,796"
519035,"81,796"
250538,97
852448,"81,796"
195590,97
1630,"81,796"
42297,97
352208,"356,97"
34766,337
484437,356
773975,"81,796"
543915,97
10972,356
398177,"356,97"
624808,"81,796"
24328,337
825,"356,97"
3109,"356,97,701"
33931,97
604196,"81,796"
604196,"81,796"
473812,"81,796"
866462,"356,97"
378111,701
22478,356
22596,97
31578,356
205724,701
19267,97
15947,337
20067,"356,97"
214030,356
317198,337
483,356
9428,337
801058,"81,796"
662546,337
482981,"356,97"
234212,97
512191,337
38317,701
140823,337
433499,701
826914,337
287904,"356,97"
404733,"356,97"
463325,"356,97"
343173,"356,97"
16515,"356,97"
458737,"356,97"
13074,"356,97"
343070,"356,97"
302528,356
433244,"81,796"
10503,97
8944,"356,97"
294741,356
1946,"356,701"
10744,"356,97,701"
261392,"83,567,011,796"
38684,97
438747,337
1439,337
13282,"356,692"
34204,337
42135,11
616251,97
837,356
627290,97
13062,337
13691,337
375355,356
4823,701
14148,701
465914,97
302026,"356,97"
393624,97
639771,"356,97"
522925,"356,97"
9968,"356,97"
25941,356
448194,"356,97"
575094,97
22293,"692,701"
23439,"356,97"
1666,"97,567"
465109,"81,796"
1994,692
869025,350
485504,"81,796"
309581,701
2087,356
592041,356
744594,"81,796"
395458,97
1049638,337
11169,97
1590,"356,97"
9729,356
575776,97
312831,356
168676,"81,796"
82390,356
551298,337
46829,701
24438,97
413052,701
21735,97
34309,701
615666,"81,796"
825997,"356,97"
913604,"356,97"
15677,"81,796"
12311,"356,97"
55095,337
1975,356
5693,97
8054,97
737568,"87,011,796"
271714,701
9819,97
695,356
14215,"356,97"
355008,"81,796"
560052,"81,796"
24684,97
442056,97
790142,"81,796"
530442,"356,97"
12583,"356,97"
531454,"81,796"
23830,356
606625,"356,97"
916053,119
9664,"356,97"
11232,97
523139,"81,796"
103332,337
264656,8
433249,"81,796"
133931,97
25566,"356,97"
9443,337
628534,"81,796"
797309,"81,796"
14695,"356,97"
26320,97
292040,"356,97"
483202,"81,796"
136911,356
1415,546
680860,119
19483,692
647785,356
48202,692
91679,356
8968,"356,97"
26264,337
459947,97
114606,356
327833,356
37347,97
759902,97
10170,356
19599,356
405551,"356,97"
511817,"81,796"
13783,"356,97"
467936,"81,796"
980804,337
390874,"356,97"
271674,"83,561,796"
10523,356
152790,"356,97"
40619,337
502406,"81,796"
489925,97
520318,"356,97"
615667,"81,796"
81440,337
420707,"356,97"
122369,356
454650,97
567733,"356,97"
14735,356
68812,"356,97"
664300,97
4816,356
718400,97
418879,"356,97"
32924,356
43552,"356,97"
522369,97
505579,701
18129,"356,701"
513409,"81,796"
353571,"81,796"
8010,356
11862,337
11162,"356,97"
447427,"356,97"
8489,97
3489,"81,796"
294690,"356,97"
487083,97
15302,337
16325,"356,97"
4961,97
338768,97
4174,"356,97"
961,11
45054,97
25103,692
325348,"8,356,97,1796"
492452,"8,97,1796"
13935,"356,97"
395883,97
336455,97
520663,"81,796"
346651,97
89691,"356,97"
813726,"81,796"
10878,"81,796"
16290,97
682110,"81,796"
276843,"356,97,701"
607259,"81,796"
513324,"356,97"
7010,"356,97"
333381,97
881211,350
399248,"356,97"
260,"356,97"
16614,97
1096369,337
23622,692
441829,337
33851,"356,97"
687156,"81,796"
11775,356
9829,356
13825,"356,97"
13937,97
59861,"356,97"
32037,356
416691,97
255798,97
13092,"356,97"
375867,97
2891,356
580532,"356,97"
339396,"81,796"
413279,337
315064,"356,97"
12232,"356,97"
746419,356
9501,356
14140,337
650783,"356,97"
20540,356
281,356
72334,337
8388,"356,97"
24589,337
30237,356
795109,119
411009,"81,796"
75622,569
459258,"356,97,701"
886083,"356,97"
433247,"81,796"
23998,350
178,356
10016,356
38946,692
310133,"8,97"
530956,"81,796"
1018648,"81,796"
72912,356
842,"356,97"
268171,"356,97"
632065,356
460071,356
10461,"81,796"
511449,"81,796"
483104,"81,796"
9414,701
1907,337
429733,356
975490,350
25313,8
981,97
10488,97
438970,97
463684,"81,796"
11040,"356,97"
19490,"356,97"
2017,"356,97"
790850,97
774714,"356,97"
71864,337
87499,337
58496,"81,796"
426034,97
47166,337
13479,350
20283,337
996,97
13061,337
398,97
16093,"97,692,701"
86555,"83,561,796"
24014,97
13757,337
626743,97
8915,337
406761,"356,97,701"
3683,97
9687,"356,97"
241958,"356,97"
46929,337
50512,"356,97"
429189,"81,796"
411135,"356,97"
448095,"356,97"
276844,356
25073,97
13929,337
577889,"356,97"
72432,356
225565,356
247158,554
248574,"356,97"
514754,337
262338,701
986054,337
18111,356
309299,"356,97"
763539,"356,97"
615658,"81,796"
4886,701
190847,"356,97"
355506,97
347866,97
921655,"81,796"
11329,337
27405,692
17814,97
652810,"356,97"
18019,97
10874,337
300654,97
18444,337
429417,356
621013,119
340022,"8,97"
10075,356
77875,"356,97"
12615,"356,97"
347689,"81,796"
18125,11
37753,356
172391,97
16442,356
14012,337
566927,8
196830,97
49950,"81,796"
33518,356
12590,"356,97"
12689,97
514277,97
2359,"356,97"
606234,97
994441,"356,97"
20181,"356,97"
9896,"356,97,701"
457136,356
31598,337
70575,356
2103,337
435848,356
684700,"81,796"
27545,692
254472,356
419566,119
433251,"81,796"
16921,97
503619,"81,796"
10727,"81,796"
13321,97
42668,"356,97"
761851,356
65057,337
10046,356
33680,"356,97"
585759,"81,796"
848519,"356,97"
9918,337
10440,97
760336,"81,796"
8293,"8,356,97,1796"
68727,337
30618,701
653601,"81,796"
13963,97
23535,"356,97"
13820,356
1028506,119
477331,"81,796"
890601,"81,796"
109453,"97,701"
16899,"356,97"
333386,8
11342,"356,97"
14125,"356,97"
611562,"356,97"
40683,97
741228,356
517909,"81,796"
24212,692
622855,"81,796"
25329,"356,97"
79548,"356,97"
119569,337
297806,"81,796"
472715,"356,97"
70954,"356,97"
300667,"356,97"
659991,97
162215,97
368031,"356,97"
515741,"356,97"
492190,"356,97"
397,97
828853,"81,796"
20556,337
18781,"356,97"
339419,"81,796"
14976,97
292280,356
10955,"356,97"
442064,"81,796"
9920,97
74306,356
10869,337
43933,97
13576,97
39874,356
916821,356
341689,"356,97"
11431,337
18804,"356,97"
725273,97
41479,"356,97"
41275,356
49354,692
429107,97
2047,356
1013577,"81,796"
96342,692
472983,"81,796"
893297,"356,97"
4918,"356,97"
286668,356
15043,337
28172,692
1038627,"81,796"
1053110,"81,796"
91739,"356,97"
2246,356
12502,356
244539,"356,97"
635918,97
24452,692
408381,97
414190,"81,796"
872177,356
641662,"81,796"
339095,"81,796"
260372,97
375183,"356,97"
726876,97
3902,"356,97"
896448,"356,97"
8818,337
7348,692
22356,701
785663,"356,97"
3016,692
391698,97
26587,356
354287,"81,796"
241771,97
414425,"81,796"
279690,"81,796"
560362,"81,796"
257117,"356,97"
82679,"81,796"
762433,"356,97"
2769,97
290999,356
22342,692
472269,"356,97"
423087,"8,356,97"
570352,97
127373,"356,97"
290729,"81,796"
414453,"8,97"
401104,"81,796"
312797,"356,97"
12683,97
215379,"356,97"
792237,356
24923,692
878375,119
417812,"81,796"
70868,97
340442,"356,97"
410718,337
1088,"356,97"
252512,97
513576,"81,796"
455656,"81,796"
331190,"356,97"
333667,97
664416,350
160588,"356,97"
11161,97
855823,"81,796"
419472,"81,796"
505423,"81,796"
17381,692
877657,"81,796"
8348,356
489929,"356,97"
542787,97
608994,356
332704,97
727306,337
9756,"356,97,701"
10002,"356,97"
33078,11
83770,"8,356,97,1796"
865559,119
32041,97
458342,"81,796"
178862,356
686245,97
11093,"356,97"
28069,350
653578,97
9952,97
836919,350
38033,701
78461,"356,97"
407794,"356,97"
864959,"81,796"
13042,337
531949,"81,796"
644083,"356,97"
32428,337
169607,97
489931,"356,97"
244403,"356,97"
818612,"81,796"
3767,97
412157,"356,97"
2001,"356,97"
87496,"356,97"
168027,"356,97"
9613,356
31703,356
73499,97
744114,119
446791,97
934207,"356,97"
25831,337
141423,337
9491,"356,97"
13768,337
458005,"81,796"
546728,337
411143,"81,796"
15515,692
14522,97
14660,"356,97"
27585,97
835961,97
276902,"356,97"
459910,"8,97"
776552,"81,796"
567970,"81,796"
73999,337
16820,356
347035,97
398174,97
328901,97
326285,"356,97"
760873,97
12766,97
269173,356
16914,97
323966,"356,701"
809314,"356,97"
730167,356
32945,701
68895,356
27380,"356,97"
695576,97
595216,356
443700,"356,97"
4952,"356,97"
634904,97
576017,97
376865,356
20139,97
14240,356
16409,97
527385,"81,796"
245703,97
251994,"356,97"
611213,"81,796"
369033,8
204349,356
28652,692
390,97
8908,97
838330,337
31924,"356,97"
398289,"356,97"
27429,"97,692"
9357,337
787428,"81,796"
423949,"81,796"
14911,"356,97"
332718,"356,97"
731740,"81,796"
852851,"81,796"
17058,"692,701"
552865,701
209361,"356,97"
254023,356
475888,"356,97"
505945,337
302349,356
14359,97
406240,"356,97"
644682,"356,97"
464593,97
44692,692
256474,356
259695,97
37305,97
85435,"356,97"
4170,97
507441,97
718840,"81,796"
23173,356
481375,"81,796"
10139,356
10687,337
451184,"81,796"
567860,"81,796"
76535,337
401371,"8,97"
634244,"356,97"
587693,"81,796"
34376,"356,97"
720748,"81,796"
688258,"356,97"
443109,356
477887,"81,796"
802372,119
35690,337
423627,"356,97"
21539,337
10409,97
921355,"356,97"
11935,"356,97"
649401,"356,97"
284294,"356,97"
18558,"356,97"
229297,"8,356,97,1796"
234567,337
74536,"356,97"
57575,701
531593,97
397873,"356,97"
283698,356
565716,"81,796"
489493,337
114779,"356,97,701"
39030,337
245706,"337,97"
130267,"356,97"
282984,356
472451,"8,97,1796"
33511,"356,97"
468225,"81,796"
488397,"8,97"
339927,"81,796"
478741,356
2355,97
729577,"356,97,701"
451480,"81,796"
624899,119
94901,"356,97"
706860,337
402298,"8,97,1796"
21143,692
230179,97
31623,97
428399,356
1014779,"81,796"
245700,701
284689,97
428501,119
250066,"356,97"
534271,356
544986,356
463053,"81,796"
972230,97
23024,701
608195,356
34689,"356,97"
253414,356
493141,97
532870,119
22649,701
32293,337
38543,"356,97"
331588,"356,97"
765119,"81,796"
857497,"81,796"
31655,692
512263,"81,796"
567971,"81,796"
416149,"356,701"
489326,"356,97"
454652,"8,97,1796"
36915,"356,97"
164331,356
621749,11
525183,"81,796"
205220,"356,97"
638045,"356,97"
70587,337
362202,97
19273,337
962192,"81,796"
766319,350
789171,"356,97"
810873,"81,796"
152792,"356,97"
11141,97
445954,97
506596,97
332502,97
696002,"356,97"
18681,"356,97"
346558,"356,97"
711,97
628333,"8,97"
310888,"356,97"
5764,356
660609,"81,796"
560704,"356,97"
489985,97
323674,"81,796"
515042,337
451919,97
9526,356
244783,97
56179,"356,97"
62989,"356,97"
5205,"81,796"
804435,"356,97"
521007,356
517412,"81,796"
1595,97
247,97
450489,"81,796"
575417,350
139933,356
396777,"356,97"
182228,356
532635,356
586451,119
632666,356
3083,"356,97"
14030,337
347751,97
60420,97
510298,"81,796"
614560,"81,796"
401743,"81,796"
355309,"356,97"
463602,"356,97"
368942,"8,97"
1410,692
297590,337
12576,356
641790,97
613178,"356,97"
582607,"81,796"
385360,"8,356,97,1796"
440777,97
669,"356,97"
550134,"97,701"
484886,97
37964,337
51999,"356,97"
747349,"81,796"
484889,97
23908,356
17127,337
297725,"356,97"
726887,"81,796"
507618,"81,796"
31667,97
53442,692
988460,337
15401,701
12684,"356,97,701"
1128717,"81,796"
18771,97
19931,337
330115,97
14638,"356,97"
599362,"356,97"
673768,"81,796"
399894,356
81077,337
18398,692
31357,337
655917,"356,97"
407620,"356,97"
739542,"81,796"
806690,97
299782,"81,796"
581032,"81,796"
479259,356
225728,97
581420,"81,796"
39850,356
13210,97
9822,337
38171,97
376004,356
553002,701
69605,"356,97"
469916,356
430446,"81,796"
197033,97
623521,97
26171,97
537788,356
10531,356
204584,701
331592,"356,97"
571451,"81,796"
40095,97
11240,356
697799,"356,97"
4566,"356,97"
30671,692
136850,356
426613,"8,356,97,1796"
503346,97
661914,119
387399,97
407559,"81,796"
729120,119
1114590,"81,796"
14008,337
43920,356
10712,"83,561,796"
347111,"356,97"
520276,"356,97"
453807,"356,97"
772272,"81,796"
59490,97
517088,119
559581,"81,796"
934323,337
515724,97
962697,"81,796"
14576,"356,97"
211387,337
492449,356
785522,"81,796"
531145,"356,97"
403232,356
432789,"81,796"
1028851,337
412758,"356,97"
70577,97
630766,"356,97"
18214,356
63320,11
581802,569
13909,97
308457,"81,796"
15708,444
116811,11
13018,"356,97"
585311,"97,701"
20648,356
5951,97
24363,701
309063,356
354282,97
724989,356
421848,"356,97"
477462,"8,356,97,1796"
1114972,"81,796"
566368,119
37214,701
166822,"356,97"
17729,97
74461,701
3587,337
639609,"81,796"
16455,"356,97"
346401,97
30948,356
555850,"81,796"
53565,337
719643,337
653744,"81,796"
31510,"356,97"
41021,692
727293,119
126797,97
354279,"8,356,97,701,1796"
934131,"356,97"
39242,337
395841,"81,796"
286372,97
11159,97
12569,701
340487,97
385722,701
19606,"356,97"
23941,356
306745,97
80591,356
86759,701
10361,356
443297,97
762469,"81,796"
843932,119
566805,356
22749,692
11600,356
376228,"81,796"
10187,"356,97"
538604,"81,796"
334517,"81,796"
66872,337
13930,337
57586,337
541,"692,701"
84204,"356,97"
753583,"81,796"
32087,97
637157,"81,796"
27717,692
44645,100
408508,"81,796"
362046,701
627070,"81,796"
706510,"81,796"
292795,97
7353,"356,97"
329556,97
41465,701
546724,356
360055,701
286521,97
317981,97
747803,356
528491,"81,796"
605804,97
366668,"356,97"
341735,"356,97"
601470,337
267192,"356,97"
57834,"356,97"
84184,356
26643,692
411632,356
2176,"81,796"
597219,"81,796"
576568,"8,97"
301355,"81,796"
22797,"356,97"
908762,119
71520,692
584288,119
848278,97
525428,701
53487,97
6687,356
823461,"81,796"
301608,"356,97"
8217,"356,97"
469019,"81,796"
776098,337
419706,97
506025,"356,97"
24251,350
401294,356
11703,356
416166,"356,97"
383709,"8,119,97,701"
7916,701
465936,"356,97"
20681,356
872954,"8,356,97,1796"
109298,337
487291,"356,97"
75170,97
589594,97
141043,97
415311,97
166879,701
16420,356
253235,"356,97"
768939,356
97605,"356,97"
18197,97
550248,"81,796"
542196,"356,97"
429422,8
680058,337
429238,"81,796"
12559,337
893508,"356,97"
312669,97
448444,"81,796"
302828,"97,701"
27418,356
799375,"81,796"
741613,356
877181,337
41556,"356,97"
805682,356
588064,97
17037,337
146404,97
245859,97
26922,"692,701"
7859,97
785457,"81,796"
78047,337
28090,"356,97"
412209,"81,796"
812204,"356,97"
6646,337
41602,356
749645,"356,97"
682666,337
939979,"356,97"
362703,"356,97"
310137,97
759054,337
293941,356
88018,337
15645,692
505953,356
480881,"356,97"
602609,"81,796"
140222,97
345875,97
828305,356
74965,337
31634,692
449757,11
714011,"356,97"
511785,"81,796"
403390,"356,97"
26042,"356,97"
716258,119
1044050,337
816952,119
951470,"81,796"
734280,"81,796"
407806,"81,796"
192149,97
125405,337
24005,97
686002,"81,796"
23045,692
347026,"8,97"
1005031,"81,796"
595813,"356,97"
489930,97
23069,97
642803,"81,796"
405894,337
476424,356
1548,"356,97"
4641,337
656940,"356,97"
26843,356
550506,97
9791,"356,97"
318044,"81,796"
449498,"356,97"
468816,"356,97"
201086,97
291328,337
405882,"356,97"
576040,"81,796"
43353,692
27995,"81,796"
51497,"81,191,796"
645856,"356,97"
345317,"356,97"
642208,"8,97,1796"
51543,356
404516,"356,97"
363805,701
11065,356
230896,337
9540,356
427900,"356,97"
38850,"356,97"
476631,"81,796"
182560,356
649928,"81,796"
26452,692
11385,97
28577,97
18773,356
353576,356
41659,"81,796"
309013,356
43935,97
37467,692
77879,"356,97"
286519,97
621753,"81,796"
214075,97
476335,"356,97"
316002,97
601844,356
22688,"692,701"
43643,337
13525,"356,97"
27033,"692,701"
513648,97
1005342,"81,796"
376233,"356,97"
532908,97
430682,"356,97"
696822,97
146243,97
43253,701
500922,"356,97"
11446,"356,97"
1448,356
637415,97
864390,337
333657,"356,97"
853088,337
140491,97
532952,337
299969,337
20215,356
14963,701
936960,"81,796"
774823,337
15801,"356,97"
244260,97
258152,337
449535,356
686941,8
215881,356
9746,97
333354,97
18074,356
28663,692
296130,97
565312,"81,796"
91815,337
13496,"81,796"
23367,356
525041,"81,796"
517596,"81,796"
508802,337
16351,356
670439,97
57749,356
1015999,"81,796"
752455,"81,796"
12245,356
253331,97
352548,97
1058670,119
105485,356
13191,356
728796,"356,97"
87567,97
1926,97
51940,350
470390,"356,97"
988046,"81,796"
39414,"356,97"
756187,337
32275,97
364733,97
358332,"81,796"
50479,337
14580,97
665135,337
799555,"81,796"
39940,"356,97"
11115,97
45662,"356,97"
43109,692
323368,97
43380,97
220286,"356,97"
38191,337
365805,97
601169,119
61080,337
337154,"81,796"
454699,"97,701"
865371,97
541099,97
621729,337
3632,692
864873,"81,796"
455558,"356,97"
481203,"356,97"
35680,"81,796"
50794,337
384737,"356,97"
724717,97
842891,356
274899,356
502122,"81,796"
1073704,337
351281,97
29103,692
502259,97
360029,"81,796"
536396,"356,97"
78498,701
473920,97
266353,"81,796"
445962,356
80318,"356,97"
35404,692
353452,97
25968,97
637963,190
82887,"356,97"
610120,8
525814,"81,796"
566236,97
455565,"356,97"
40091,"692,701"
65760,356
10359,356
339751,"356,97"
36489,"692,701"
40814,356
434873,356
311291,"356,97"
16604,337
348389,"356,97"
41793,356
346650,"81,796"
726940,"81,796"
456048,"356,97"
356149,356
550273,"356,97"
28200,"356,97"
32845,"356,97"
7548,356
615466,"81,796"
508330,356
684139,97
402582,"81,796"
27646,97
268238,337
24746,"356,97"
653610,"81,796"
25503,701
2077,97
115626,337
273899,356
592230,356
411405,"81,796"
14820,"356,97"
653725,"81,796"
13054,"356,97"
425980,"356,97"
24734,"356,97"
458969,356
913822,"81,796"
491473,"8,97,1796"
292010,356
244536,97
663459,"356,97,701"
543836,350
31662,"356,97"
75301,"81,796"
45094,97
14845,"356,97"
861604,"81,796"
716532,8
489932,"81,796"
810731,"81,796"
457308,97
84334,"356,97"
586461,97
680829,119
446827,97
263614,"81,796"
22595,97
457962,"81,796"
6022,"356,97"
50687,356
41759,692
26860,692
412924,97
416160,"356,97"
618585,"356,97"
952478,"356,97"
448432,"356,97"
286709,701
574093,337
438259,97
752505,"81,796"
603519,"81,796"
9533,"83,561,796"
1017751,337
620897,"81,796"
456538,97
774054,"81,796"
58159,337
345937,97
19103,554
364540,356
54184,337
505063,97
843543,119
18203,"356,97"
670428,97
403068,"81,796"
77812,356
574638,"81,796"
1127211,"81,796"
860135,"356,97"
432976,"81,796"
750272,"356,97"
667969,119
38751,701
433630,356
85889,"356,97"
312804,11
265016,356
478528,356
421792,"356,97"
673737,"8,356,97,1796"
728526,119
42884,337
16973,356
594530,337
583689,"81,796"
296178,"356,97"
542713,356
199556,"356,97"
27348,692
150230,356
359151,97
345931,"356,97"
412061,"356,97"
458673,356
347752,97
573917,"81,796"
373569,337
882096,"81,796"
26850,"356,97"
339669,97
855263,"81,796"
506403,"356,97"
524659,"356,97,701"
745376,"81,796"
574082,350
1019446,119
7975,11
395814,97
734858,337
407389,"356,97"
593691,"81,796"
45791,97
400579,"97,701"
336149,"356,97"
140208,444
376501,"356,97"
396292,"81,796"
67713,11
506863,"356,97"
589612,"356,97"
31561,"356,97"
619263,97
685264,"81,796"
41462,692
416724,356
756403,"81,796"
241855,"356,97"
13701,"356,97"
128971,692
442087,"81,796"
37258,356
323366,97
13553,701
26205,97
337208,97
395925,356
504585,97
31955,356
530351,"81,796"
553645,"81,796"
48180,692
62463,"356,97"
283601,"356,97"
432787,"81,796"
472424,"81,796"
921643,"81,796"
583209,337
83564,337
25016,"356,97"
23122,"692,701"
595841,97
11660,11
515333,"81,796"
1065890,"81,796"
558582,97
407518,97
592136,"81,796"
7737,356
411023,"81,796"
711963,97
76170,337
426257,"81,796"
413765,97
413765,97
401732,97
274504,701
31726,350
327528,"81,796"
450945,"8,97,1796"
21159,"692,701"
42186,692
17604,692
36349,356
475961,97
452731,"81,796"
312316,97
650073,"81,796"
794234,97
160139,97
397717,"81,796"
225747,"356,97"
149687,692
552504,"356,97"
2193,"356,692"
958340,"81,796"
225044,97
513421,"356,97"
513083,"81,796"
448447,97
352372,97
554908,97
356298,"81,796"
470610,"356,97"
308640,11
271736,97
493014,119
431072,"81,796"
464842,"356,97"
682377,"8,97"
24206,"356,97"
46429,356
205749,97
653574,"81,796"
618265,97
48127,701
640265,350
323901,"356,97"
149910,337
266084,"356,97"
1013572,"81,796"
23506,692
112200,356
254375,356
470894,"356,97"
387892,97
819309,119
14098,"356,97"
347944,"356,97"
12121,337
433245,"81,796"
611207,"81,796"
543917,356
340835,356
576156,"81,796"
433419,97
587130,8
8954,"356,97"
23963,"97,701"
391486,356
94261,692
99343,701
238302,"356,97"
336445,701
560204,97
46934,356
347548,97
535265,97
567598,97
654910,"356,97"
27201,692
383538,"356,97,701"
521934,"356,97"
1061671,"81,796"
340488,97
3598,97
14273,567
590009,356
541572,350
466876,"356,97"
89874,97
776142,"81,796"
376391,"356,97"
61370,"356,97"
53430,701
391714,"81,796"
36049,97
763073,"81,796"
767825,356
522887,"356,701"
336890,"81,796"
597594,"81,796"
11485,"356,97"
127370,97
436973,356
999205,701
356842,"356,97"
22556,"356,97"
468362,"81,796"
953365,"81,796"
40082,337
539549,97
53219,337
439059,"8,97,1796"
821420,"356,97"
13967,97
258705,692
683287,"81,796"
30266,692
37943,356
571622,97
566182,97
50838,"356,97"
44027,701
504561,"81,796"
390410,97
462477,337
463088,"81,796"
529862,119
558095,"81,796"
20842,692
311307,"81,796"
451563,"81,796"
486606,"356,97"
454291,337
30708,97
682825,"356,97"
939,"356,97"
57472,337
634524,"356,97"
852724,337
47760,97
553141,"356,97"
63578,"356,97"
480635,97
450932,97
503706,"356,97"
499566,356
528888,"81,796"
473415,"81,796"
55309,"356,97"
876684,"356,97"
878401,"81,796"
27036,11
621954,"81,796"
26725,356
34078,692
329010,"356,97"
694938,"356,97"
373476,"356,97"
240916,97
937220,"356,97"
666219,"356,97"
428446,"356,97"
57199,337
37556,350
433941,97
79827,701
82992,"81,191,796"
301875,"356,97"
246127,97
118257,11
49353,692
22642,692
47095,"356,97"
227094,97
404947,356
32471,"81,796"
75862,97
719164,"356,97"
37932,337
528985,"356,97"
344031,97
502143,"81,796"
532953,337
470401,"81,796"
749407,"356,97"
79698,"356,97"
366696,551
452068,"356,97"
30706,692
22559,337
266102,97
603055,"356,97"
646150,"356,97"
607822,"356,97"
390587,97
232175,"81,796"
862582,"81,796"
353446,"356,701"
778870,"81,796"
31037,"356,97"
66984,337
401686,"97,701"
206192,"356,97"
564898,"356,97"
43136,97
25388,"356,97"
544415,"81,796"
284284,97
751126,337
388202,356
23033,"356,97"
156357,701
44192,"356,97"
811703,350
54225,"81,796"
434986,356
17720,97
575190,97
444246,337
534094,"356,97"
30694,356
69780,692
444513,"81,796"
256924,"356,97"
81185,"356,97"
24020,337
40168,356
52748,97
1050266,"81,796"
820896,356
360341,"81,796"
1093247,"81,796"
647557,"356,97"
35114,337
435473,356
43798,"356,97"
817451,"356,97"
432579,356
36569,337
519255,"356,97"
394822,356
72241,97
13804,"81,191,796"
23014,"692,701"
298653,356
9799,"81,191,796"
43012,97
23020,"692,701"
404584,356
9716,356
223485,97
464757,"356,97"
84317,356
